{
  "format_version": 2,

  "server": {
    "heart_beat_timeout": 600
  },
  "task_data_filters": [],
  "task_result_filters": [],
  "components": [
    {
      "id": "persistor",
      "path": "rhino_pt_model_persistor.PTFileModelPersistorAllCheckpoints",
      "args": {
        "model": {
          "path": "network.PneumoniaModel"
        },
      "global_model_file_name": "/output/model_parameters.pt"
      }
    },
    {
      "id": "shareable_generator",
      "path": "nvflare.app_common.shareablegenerators.full_model_shareable_generator.FullModelShareableGenerator",
      "args": {}
    },
    {
      "id": "aggregator",
      "path": "nvflare.app_common.aggregators.intime_accumulate_model_aggregator.InTimeAccumulateWeightedAggregator",
      "args": {
        "expected_data_kind": "WEIGHTS"
      }
    },
    {
      "id": "model_locator",
      "path": "pt_model_locator.PTModelLocator",
      "args": {

      }
    },
    {
      "id": "json_generator",
      "path": "validation_json_generator.ValidationJsonGenerator",
      "args": {
      }
    },
    {
      "id": "aggregate_validation_metric_tb_logger",
      "path": "aggregate_validation_metric_tb_logger.AggregateValidationMetricTbLogger",
      "args": {}
    }
  ],
  "workflows": [
      {
        "id": "scatter_and_gather",
        "name": "ScatterAndGather",
        "args": {
            "min_clients": 1,
            "num_rounds": 1,
            "start_round": 0,
            "wait_time_after_min_received": 10,
            "aggregator_id": "aggregator",
            "persistor_id": "persistor",
            "shareable_generator_id": "shareable_generator",
            "train_task_name": "train",
            "train_timeout": 0
        }
      }
  ]
}
